{
    "v1": {
        "cx": 71,
        "cy": 102,
        "v1": 0,
        "v2": 1,
        "v3": 1,
        "v4": 0,
        "v5": 0,
        "v6": 0,
        "v7": 0,
        "v8": 0
    },
    "v2": {
        "cx": 86,
        "cy": 161,
        "v1": 1,
        "v2": 0,
        "v3": 0,
        "v4": 1,
        "v5": 0,
        "v6": 0,
        "v7": 0,
        "v8": 0
    },
    "v3": {
        "cx": 86,
        "cy": 43,
        "v1": 1,
        "v2": 0,
        "v3": 0,
        "v4": 0,
        "v5": 1,
        "v6": 0,
        "v7": 0,
        "v8": 0
    },
    "v4": {
        "cx": 107,
        "cy": 164,
        "v1": 0,
        "v2": 1,
        "v3": 0,
        "v4": 0,
        "v5": 0,
        "v6": 1,
        "v7": 0,
        "v8": 0
    },
    "v5": {
        "cx": 107,
        "cy": 41,
        "v1": 0,
        "v2": 0,
        "v3": 1,
        "v4": 0,
        "v5": 0,
        "v6": 0,
        "v7": 1,
        "v8": 0
    },
    "v6": {
        "cx": 128,
        "cy": 161,
        "v1": 0,
        "v2": 0,
        "v3": 0,
        "v4": 1,
        "v5": 0,
        "v6": 0,
        "v7": 0,
        "v8": 1
    },
    "v7": {
        "cx": 128,
        "cy": 43,
        "v1": 0,
        "v2": 0,
        "v3": 0,
        "v4": 0,
        "v5": 1,
        "v6": 0,
        "v7": 0,
        "v8": 1
    },
    "v8": {
        "cx": 143,
        "cy": 102,
        "v1": 0,
        "v2": 0,
        "v3": 0,
        "v4": 0,
        "v5": 0,
        "v6": 1,
        "v7": 1,
        "v8": 0
    }
}