{
    "v1": {
        "cx": 75,
        "cy": 45,
        "v1": 0,
        "v2": 0,
        "v3": 1,
        "v4": 0,
        "v5": 0,
        "v6": 0,
        "v7": 0
    },
    "v2": {
        "cx": 76,
        "cy": 160,
        "v1": 0,
        "v2": 0,
        "v3": 0,
        "v4": 1,
        "v5": 1,
        "v6": 0,
        "v7": 0
    },
    "v3": {
        "cx": 101,
        "cy": 41,
        "v1": 1,
        "v2": 0,
        "v3": 0,
        "v4": 0,
        "v5": 0,
        "v6": 1,
        "v7": 0
    },
    "v4": {
        "cx": 108,
        "cy": 162,
        "v1": 0,
        "v2": 1,
        "v3": 0,
        "v4": 0,
        "v5": 0,
        "v6": 0,
        "v7": 1
    },
    "v5": {
        "cx": 116,
        "cy": 98,
        "v1": 0,
        "v2": 1,
        "v3": 0,
        "v4": 0,
        "v5": 0,
        "v6": 1,
        "v7": 0
    },
    "v6": {
        "cx": 123,
        "cy": 45,
        "v1": 0,
        "v2": 0,
        "v3": 1,
        "v4": 0,
        "v5": 1,
        "v6": 0,
        "v7": 0
    },
    "v7": {
        "cx": 136,
        "cy": 162,
        "v1": 0,
        "v2": 0,
        "v3": 0,
        "v4": 1,
        "v5": 0,
        "v6": 0,
        "v7": 0
    }
}