{
    "v1": {
        "cx": 79,
        "cy": 164,
        "v1": 0,
        "v2": 0,
        "v3": 0,
        "v4": 1,
        "v5": 0,
        "v6": 0,
        "v7": 0,
        "v8": 0,
        "v9": 0,
        "v10": 0,
        "v11": 0
    },
    "v2": {
        "cx": 81,
        "cy": 44,
        "v1": 0,
        "v2": 0,
        "v3": 0,
        "v4": 0,
        "v5": 0,
        "v6": 1,
        "v7": 0,
        "v8": 0,
        "v9": 0,
        "v10": 0,
        "v11": 0
    },
    "v3": {
        "cx": 93,
        "cy": 99,
        "v1": 0,
        "v2": 0,
        "v3": 0,
        "v4": 0,
        "v5": 1,
        "v6": 0,
        "v7": 0,
        "v8": 0,
        "v9": 0,
        "v10": 0,
        "v11": 0
    },
    "v4": {
        "cx": 105,
        "cy": 166,
        "v1": 1,
        "v2": 0,
        "v3": 0,
        "v4": 0,
        "v5": 0,
        "v6": 0,
        "v7": 0,
        "v8": 1,
        "v9": 0,
        "v10": 0,
        "v11": 0
    },
    "v5": {
        "cx": 105,
        "cy": 99,
        "v1": 0,
        "v2": 0,
        "v3": 1,
        "v4": 0,
        "v5": 0,
        "v6": 0,
        "v7": 1,
        "v8": 0,
        "v9": 0,
        "v10": 0,
        "v11": 0
    },
    "v6": {
        "cx": 106,
        "cy": 41,
        "v1": 0,
        "v2": 1,
        "v3": 0,
        "v4": 0,
        "v5": 0,
        "v6": 0,
        "v7": 0,
        "v8": 0,
        "v9": 1,
        "v10": 0,
        "v11": 0
    },
    "v7": {
        "cx": 116,
        "cy": 99,
        "v1": 0,
        "v2": 0,
        "v3": 0,
        "v4": 0,
        "v5": 1,
        "v6": 0,
        "v7": 0,
        "v8": 0,
        "v9": 0,
        "v10": 1,
        "v11": 1
    },
    "v8": {
        "cx": 128,
        "cy": 162,
        "v1": 0,
        "v2": 0,
        "v3": 0,
        "v4": 1,
        "v5": 0,
        "v6": 0,
        "v7": 0,
        "v8": 0,
        "v9": 0,
        "v10": 0,
        "v11": 1
    },
    "v9": {
        "cx": 128,
        "cy": 45,
        "v1": 0,
        "v2": 0,
        "v3": 0,
        "v4": 0,
        "v5": 0,
        "v6": 1,
        "v7": 0,
        "v8": 0,
        "v9": 0,
        "v10": 1,
        "v11": 0
    },
    "v10": {
        "cx": 135,
        "cy": 69,
        "v1": 0,
        "v2": 0,
        "v3": 0,
        "v4": 0,
        "v5": 0,
        "v6": 0,
        "v7": 1,
        "v8": 0,
        "v9": 1,
        "v10": 0,
        "v11": 0
    },
    "v11": {
        "cx": 138,
        "cy": 131,
        "v1": 0,
        "v2": 0,
        "v3": 0,
        "v4": 0,
        "v5": 0,
        "v6": 0,
        "v7": 1,
        "v8": 1,
        "v9": 0,
        "v10": 0,
        "v11": 0
    }
}