{
    "v1": {
        "cx": 74,
        "cy": 108,
        "v1": 0,
        "v2": 1,
        "v3": 1,
        "v4": 0,
        "v5": 0,
        "v6": 1,
        "v7": 0,
        "v8": 0,
        "v9": 0,
        "v10": 0,
        "v11": 0,
        "v12": 0
    },
    "v2": {
        "cx": 76,
        "cy": 137,
        "v1": 1,
        "v2": 0,
        "v3": 0,
        "v4": 1,
        "v5": 0,
        "v6": 0,
        "v7": 0,
        "v8": 0,
        "v9": 0,
        "v10": 0,
        "v11": 0,
        "v12": 0
    },
    "v3": {
        "cx": 78,
        "cy": 73,
        "v1": 1,
        "v2": 0,
        "v3": 0,
        "v4": 0,
        "v5": 1,
        "v6": 0,
        "v7": 0,
        "v8": 0,
        "v9": 0,
        "v10": 0,
        "v11": 0,
        "v12": 0
    },
    "v4": {
        "cx": 89,
        "cy": 163,
        "v1": 0,
        "v2": 1,
        "v3": 0,
        "v4": 0,
        "v5": 0,
        "v6": 0,
        "v7": 1,
        "v8": 0,
        "v9": 0,
        "v10": 0,
        "v11": 0,
        "v12": 0
    },
    "v5": {
        "cx": 94,
        "cy": 44,
        "v1": 0,
        "v2": 0,
        "v3": 1,
        "v4": 0,
        "v5": 0,
        "v6": 0,
        "v7": 0,
        "v8": 1,
        "v9": 0,
        "v10": 0,
        "v11": 0,
        "v12": 0
    },
    "v6": {
        "cx": 110,
        "cy": 93,
        "v1": 1,
        "v2": 0,
        "v3": 0,
        "v4": 0,
        "v5": 0,
        "v6": 0,
        "v7": 0,
        "v8": 0,
        "v9": 0,
        "v10": 1,
        "v11": 0,
        "v12": 0
    },
    "v7": {
        "cx": 112,
        "cy": 166,
        "v1": 0,
        "v2": 0,
        "v3": 0,
        "v4": 1,
        "v5": 0,
        "v6": 0,
        "v7": 0,
        "v8": 0,
        "v9": 1,
        "v10": 0,
        "v11": 0,
        "v12": 0
    },
    "v8": {
        "cx": 114,
        "cy": 41,
        "v1": 0,
        "v2": 0,
        "v3": 0,
        "v4": 0,
        "v5": 1,
        "v6": 0,
        "v7": 0,
        "v8": 0,
        "v9": 0,
        "v10": 0,
        "v11": 1,
        "v12": 0
    },
    "v9": {
        "cx": 133,
        "cy": 163,
        "v1": 0,
        "v2": 0,
        "v3": 0,
        "v4": 0,
        "v5": 0,
        "v6": 0,
        "v7": 1,
        "v8": 0,
        "v9": 0,
        "v10": 0,
        "v11": 0,
        "v12": 1
    },
    "v10": {
        "cx": 133,
        "cy": 95,
        "v1": 0,
        "v2": 0,
        "v3": 0,
        "v4": 0,
        "v5": 0,
        "v6": 1,
        "v7": 0,
        "v8": 0,
        "v9": 0,
        "v10": 0,
        "v11": 0,
        "v12": 1
    },
    "v11": {
        "cx": 140,
        "cy": 44,
        "v1": 0,
        "v2": 0,
        "v3": 0,
        "v4": 0,
        "v5": 0,
        "v6": 0,
        "v7": 0,
        "v8": 1,
        "v9": 0,
        "v10": 0,
        "v11": 0,
        "v12": 0
    },
    "v12": {
        "cx": 144,
        "cy": 128,
        "v1": 0,
        "v2": 0,
        "v3": 0,
        "v4": 0,
        "v5": 0,
        "v6": 0,
        "v7": 0,
        "v8": 0,
        "v9": 1,
        "v10": 1,
        "v11": 0,
        "v12": 0
    }
}