{
    "v1": {
        "cx": 78,
        "cy": 49,
        "v1": 0,
        "v2": 0,
        "v3": 1,
        "v4": 0,
        "v5": 0
    },
    "v2": {
        "cx": 89,
        "cy": 167,
        "v1": 0,
        "v2": 0,
        "v3": 0,
        "v4": 1,
        "v5": 0
    },
    "v3": {
        "cx": 110,
        "cy": 49,
        "v1": 1,
        "v2": 0,
        "v3": 0,
        "v4": 0,
        "v5": 1
    },
    "v4": {
        "cx": 111,
        "cy": 117,
        "v1": 0,
        "v2": 1,
        "v3": 0,
        "v4": 0,
        "v5": 1
    },
    "v5": {
        "cx": 144,
        "cy": 50,
        "v1": 0,
        "v2": 0,
        "v3": 1,
        "v4": 1,
        "v5": 0
    }
}