{
    "v1": {
        "cx": 73,
        "cy": 132,
        "v1": 0,
        "v2": 0,
        "v3": 1,
        "v4": 0,
        "v5": 0,
        "v6": 0,
        "v7": 1,
        "v8": 0,
        "v9": 0,
        "v10": 0,
        "v11": 0
    },
    "v2": {
        "cx": 78,
        "cy": 68,
        "v1": 0,
        "v2": 0,
        "v3": 0,
        "v4": 1,
        "v5": 0,
        "v6": 0,
        "v7": 1,
        "v8": 0,
        "v9": 0,
        "v10": 0,
        "v11": 0
    },
    "v3": {
        "cx": 83,
        "cy": 162,
        "v1": 1,
        "v2": 0,
        "v3": 0,
        "v4": 0,
        "v5": 0,
        "v6": 1,
        "v7": 0,
        "v8": 0,
        "v9": 0,
        "v10": 0,
        "v11": 0
    },
    "v4": {
        "cx": 84,
        "cy": 47,
        "v1": 0,
        "v2": 1,
        "v3": 0,
        "v4": 0,
        "v5": 1,
        "v6": 0,
        "v7": 0,
        "v8": 0,
        "v9": 0,
        "v10": 0,
        "v11": 0
    },
    "v5": {
        "cx": 108,
        "cy": 40,
        "v1": 0,
        "v2": 0,
        "v3": 0,
        "v4": 1,
        "v5": 0,
        "v6": 0,
        "v7": 0,
        "v8": 0,
        "v9": 1,
        "v10": 0,
        "v11": 0
    },
    "v6": {
        "cx": 109,
        "cy": 165,
        "v1": 0,
        "v2": 0,
        "v3": 1,
        "v4": 0,
        "v5": 0,
        "v6": 0,
        "v7": 0,
        "v8": 1,
        "v9": 0,
        "v10": 0,
        "v11": 0
    },
    "v7": {
        "cx": 111,
        "cy": 101,
        "v1": 1,
        "v2": 1,
        "v3": 0,
        "v4": 0,
        "v5": 0,
        "v6": 0,
        "v7": 0,
        "v8": 0,
        "v9": 0,
        "v10": 1,
        "v11": 1
    },
    "v8": {
        "cx": 132,
        "cy": 162,
        "v1": 0,
        "v2": 0,
        "v3": 0,
        "v4": 0,
        "v5": 0,
        "v6": 1,
        "v7": 0,
        "v8": 0,
        "v9": 0,
        "v10": 0,
        "v11": 1
    },
    "v9": {
        "cx": 132,
        "cy": 45,
        "v1": 0,
        "v2": 0,
        "v3": 0,
        "v4": 0,
        "v5": 1,
        "v6": 0,
        "v7": 0,
        "v8": 0,
        "v9": 0,
        "v10": 1,
        "v11": 0
    },
    "v10": {
        "cx": 136,
        "cy": 69,
        "v1": 0,
        "v2": 0,
        "v3": 0,
        "v4": 0,
        "v5": 0,
        "v6": 0,
        "v7": 1,
        "v8": 0,
        "v9": 1,
        "v10": 0,
        "v11": 0
    },
    "v11": {
        "cx": 141,
        "cy": 138,
        "v1": 0,
        "v2": 0,
        "v3": 0,
        "v4": 0,
        "v5": 0,
        "v6": 0,
        "v7": 1,
        "v8": 1,
        "v9": 0,
        "v10": 0,
        "v11": 0
    }
}