{
    "v1": {
        "cx": 76,
        "cy": 79,
        "v1": 0,
        "v2": 0,
        "v3": 1,
        "v4": 1,
        "v5": 0,
        "v6": 0,
        "v7": 0,
        "v8": 0,
        "v9": 0,
        "v10": 0,
        "v11": 0,
        "v12": 0
    },
    "v2": {
        "cx": 80,
        "cy": 164,
        "v1": 0,
        "v2": 0,
        "v3": 0,
        "v4": 0,
        "v5": 1,
        "v6": 0,
        "v7": 0,
        "v8": 0,
        "v9": 0,
        "v10": 0,
        "v11": 0,
        "v12": 0
    },
    "v3": {
        "cx": 87,
        "cy": 112,
        "v1": 1,
        "v2": 0,
        "v3": 0,
        "v4": 0,
        "v5": 0,
        "v6": 0,
        "v7": 1,
        "v8": 0,
        "v9": 0,
        "v10": 0,
        "v11": 0,
        "v12": 0
    },
    "v4": {
        "cx": 87,
        "cy": 44,
        "v1": 1,
        "v2": 0,
        "v3": 0,
        "v4": 0,
        "v5": 0,
        "v6": 1,
        "v7": 0,
        "v8": 0,
        "v9": 0,
        "v10": 0,
        "v11": 0,
        "v12": 0
    },
    "v5": {
        "cx": 105,
        "cy": 166,
        "v1": 0,
        "v2": 1,
        "v3": 0,
        "v4": 0,
        "v5": 0,
        "v6": 0,
        "v7": 0,
        "v8": 1,
        "v9": 0,
        "v10": 0,
        "v11": 0,
        "v12": 0
    },
    "v6": {
        "cx": 107,
        "cy": 41,
        "v1": 0,
        "v2": 0,
        "v3": 0,
        "v4": 1,
        "v5": 0,
        "v6": 0,
        "v7": 0,
        "v8": 0,
        "v9": 1,
        "v10": 0,
        "v11": 0,
        "v12": 0
    },
    "v7": {
        "cx": 110,
        "cy": 114,
        "v1": 0,
        "v2": 0,
        "v3": 1,
        "v4": 0,
        "v5": 0,
        "v6": 0,
        "v7": 0,
        "v8": 0,
        "v9": 0,
        "v10": 0,
        "v11": 0,
        "v12": 1
    },
    "v8": {
        "cx": 125,
        "cy": 163,
        "v1": 0,
        "v2": 0,
        "v3": 0,
        "v4": 0,
        "v5": 1,
        "v6": 0,
        "v7": 0,
        "v8": 0,
        "v9": 0,
        "v10": 1,
        "v11": 0,
        "v12": 0
    },
    "v9": {
        "cx": 130,
        "cy": 44,
        "v1": 0,
        "v2": 0,
        "v3": 0,
        "v4": 0,
        "v5": 0,
        "v6": 1,
        "v7": 0,
        "v8": 0,
        "v9": 0,
        "v10": 0,
        "v11": 1,
        "v12": 0
    },
    "v10": {
        "cx": 141,
        "cy": 134,
        "v1": 0,
        "v2": 0,
        "v3": 0,
        "v4": 0,
        "v5": 0,
        "v6": 0,
        "v7": 0,
        "v8": 1,
        "v9": 0,
        "v10": 0,
        "v11": 0,
        "v12": 1
    },
    "v11": {
        "cx": 142,
        "cy": 70,
        "v1": 0,
        "v2": 0,
        "v3": 0,
        "v4": 0,
        "v5": 0,
        "v6": 0,
        "v7": 0,
        "v8": 0,
        "v9": 1,
        "v10": 0,
        "v11": 0,
        "v12": 1
    },
    "v12": {
        "cx": 145,
        "cy": 100,
        "v1": 0,
        "v2": 0,
        "v3": 0,
        "v4": 0,
        "v5": 0,
        "v6": 0,
        "v7": 1,
        "v8": 0,
        "v9": 0,
        "v10": 1,
        "v11": 1,
        "v12": 0
    }
}