{
    "v1": {
        "cx": 58,
        "cy": 166,
        "v1": 0,
        "v2": 1,
        "v3": 0,
        "v4": 0,
        "v5": 0,
        "v6": 0,
        "v7": 0,
        "v8": 0,
        "v9": 0,
        "v10": 0
    },
    "v2": {
        "cx": 64,
        "cy": 153,
        "v1": 1,
        "v2": 0,
        "v3": 1,
        "v4": 0,
        "v5": 0,
        "v6": 0,
        "v7": 0,
        "v8": 0,
        "v9": 0,
        "v10": 0
    },
    "v3": {
        "cx": 74,
        "cy": 135,
        "v1": 0,
        "v2": 1,
        "v3": 0,
        "v4": 1,
        "v5": 1,
        "v6": 0,
        "v7": 0,
        "v8": 0,
        "v9": 0,
        "v10": 0
    },
    "v4": {
        "cx": 86,
        "cy": 102,
        "v1": 0,
        "v2": 0,
        "v3": 1,
        "v4": 0,
        "v5": 0,
        "v6": 1,
        "v7": 0,
        "v8": 0,
        "v9": 0,
        "v10": 0
    },
    "v5": {
        "cx": 106,
        "cy": 135,
        "v1": 0,
        "v2": 0,
        "v3": 1,
        "v4": 0,
        "v5": 0,
        "v6": 0,
        "v7": 0,
        "v8": 1,
        "v9": 0,
        "v10": 0
    },
    "v6": {
        "cx": 108,
        "cy": 67,
        "v1": 0,
        "v2": 0,
        "v3": 0,
        "v4": 1,
        "v5": 0,
        "v6": 0,
        "v7": 1,
        "v8": 0,
        "v9": 0,
        "v10": 0
    },
    "v7": {
        "cx": 128,
        "cy": 102,
        "v1": 0,
        "v2": 0,
        "v3": 0,
        "v4": 0,
        "v5": 0,
        "v6": 1,
        "v7": 0,
        "v8": 1,
        "v9": 0,
        "v10": 0
    },
    "v8": {
        "cx": 140,
        "cy": 135,
        "v1": 0,
        "v2": 0,
        "v3": 0,
        "v4": 0,
        "v5": 1,
        "v6": 0,
        "v7": 1,
        "v8": 0,
        "v9": 1,
        "v10": 0
    },
    "v9": {
        "cx": 150,
        "cy": 153,
        "v1": 0,
        "v2": 0,
        "v3": 0,
        "v4": 0,
        "v5": 0,
        "v6": 0,
        "v7": 0,
        "v8": 1,
        "v9": 0,
        "v10": 1
    },
    "v10": {
        "cx": 156,
        "cy": 166,
        "v1": 0,
        "v2": 0,
        "v3": 0,
        "v4": 0,
        "v5": 0,
        "v6": 0,
        "v7": 0,
        "v8": 0,
        "v9": 1,
        "v10": 0
    }
}