{
    "v1": {
        "cx": 77,
        "cy": 166,
        "v1": 0,
        "v2": 1,
        "v3": 0,
        "v4": 0,
        "v5": 0,
        "v6": 0,
        "v7": 0,
        "v8": 1,
        "v9": 0,
        "v10": 0,
        "v11": 0,
        "v12": 0,
        "v13": 0
    },
    "v2": {
        "cx": 77,
        "cy": 141,
        "v1": 1,
        "v2": 0,
        "v3": 1,
        "v4": 0,
        "v5": 0,
        "v6": 0,
        "v7": 0,
        "v8": 0,
        "v9": 0,
        "v10": 0,
        "v11": 0,
        "v12": 0,
        "v13": 0
    },
    "v3": {
        "cx": 77,
        "cy": 115,
        "v1": 0,
        "v2": 1,
        "v3": 0,
        "v4": 1,
        "v5": 0,
        "v6": 1,
        "v7": 0,
        "v8": 0,
        "v9": 0,
        "v10": 0,
        "v11": 0,
        "v12": 0,
        "v13": 0
    },
    "v4": {
        "cx": 77,
        "cy": 91,
        "v1": 0,
        "v2": 0,
        "v3": 1,
        "v4": 0,
        "v5": 1,
        "v6": 0,
        "v7": 0,
        "v8": 0,
        "v9": 0,
        "v10": 0,
        "v11": 0,
        "v12": 0,
        "v13": 0
    },
    "v5": {
        "cx": 77,
        "cy": 67,
        "v1": 0,
        "v2": 0,
        "v3": 0,
        "v4": 1,
        "v5": 0,
        "v6": 0,
        "v7": 1,
        "v8": 0,
        "v9": 0,
        "v10": 0,
        "v11": 0,
        "v12": 0,
        "v13": 0
    },
    "v6": {
        "cx": 101,
        "cy": 114,
        "v1": 0,
        "v2": 0,
        "v3": 1,
        "v4": 0,
        "v5": 0,
        "v6": 0,
        "v7": 0,
        "v8": 0,
        "v9": 1,
        "v10": 0,
        "v11": 0,
        "v12": 0,
        "v13": 0
    },
    "v7": {
        "cx": 108,
        "cy": 66,
        "v1": 0,
        "v2": 0,
        "v3": 0,
        "v4": 0,
        "v5": 1,
        "v6": 0,
        "v7": 0,
        "v8": 0,
        "v9": 0,
        "v10": 1,
        "v11": 0,
        "v12": 0,
        "v13": 0
    },
    "v8": {
        "cx": 110,
        "cy": 167,
        "v1": 1,
        "v2": 0,
        "v3": 0,
        "v4": 0,
        "v5": 0,
        "v6": 0,
        "v7": 0,
        "v8": 0,
        "v9": 0,
        "v10": 0,
        "v11": 0,
        "v12": 1,
        "v13": 0
    },
    "v9": {
        "cx": 120,
        "cy": 114,
        "v1": 0,
        "v2": 0,
        "v3": 0,
        "v4": 0,
        "v5": 0,
        "v6": 1,
        "v7": 0,
        "v8": 0,
        "v9": 0,
        "v10": 0,
        "v11": 1,
        "v12": 0,
        "v13": 1
    },
    "v10": {
        "cx": 135,
        "cy": 70,
        "v1": 0,
        "v2": 0,
        "v3": 0,
        "v4": 0,
        "v5": 0,
        "v6": 0,
        "v7": 1,
        "v8": 0,
        "v9": 0,
        "v10": 0,
        "v11": 1,
        "v12": 0,
        "v13": 0
    },
    "v11": {
        "cx": 139,
        "cy": 92,
        "v1": 0,
        "v2": 0,
        "v3": 0,
        "v4": 0,
        "v5": 0,
        "v6": 0,
        "v7": 0,
        "v8": 0,
        "v9": 1,
        "v10": 1,
        "v11": 0,
        "v12": 0,
        "v13": 0
    },
    "v12": {
        "cx": 141,
        "cy": 162,
        "v1": 0,
        "v2": 0,
        "v3": 0,
        "v4": 0,
        "v5": 0,
        "v6": 0,
        "v7": 0,
        "v8": 1,
        "v9": 0,
        "v10": 0,
        "v11": 0,
        "v12": 0,
        "v13": 1
    },
    "v13": {
        "cx": 143,
        "cy": 137,
        "v1": 0,
        "v2": 0,
        "v3": 0,
        "v4": 0,
        "v5": 0,
        "v6": 0,
        "v7": 0,
        "v8": 0,
        "v9": 1,
        "v10": 0,
        "v11": 0,
        "v12": 1,
        "v13": 0
    }
}