{
    "v1": {
        "cx": 68,
        "cy": 164,
        "v1": 0,
        "v2": 1,
        "v3": 0,
        "v4": 1,
        "v5": 0,
        "v6": 0,
        "v7": 0,
        "v8": 0
    },
    "v2": {
        "cx": 68,
        "cy": 113,
        "v1": 1,
        "v2": 0,
        "v3": 1,
        "v4": 0,
        "v5": 0,
        "v6": 0,
        "v7": 0,
        "v8": 0
    },
    "v3": {
        "cx": 68,
        "cy": 62,
        "v1": 0,
        "v2": 1,
        "v3": 0,
        "v4": 0,
        "v5": 1,
        "v6": 0,
        "v7": 0,
        "v8": 0
    },
    "v4": {
        "cx": 102,
        "cy": 164,
        "v1": 1,
        "v2": 0,
        "v3": 0,
        "v4": 0,
        "v5": 0,
        "v6": 1,
        "v7": 0,
        "v8": 0
    },
    "v5": {
        "cx": 102,
        "cy": 61,
        "v1": 0,
        "v2": 0,
        "v3": 1,
        "v4": 0,
        "v5": 0,
        "v6": 0,
        "v7": 1,
        "v8": 0
    },
    "v6": {
        "cx": 135,
        "cy": 155,
        "v1": 0,
        "v2": 0,
        "v3": 0,
        "v4": 1,
        "v5": 0,
        "v6": 0,
        "v7": 0,
        "v8": 1
    },
    "v7": {
        "cx": 136,
        "cy": 69,
        "v1": 0,
        "v2": 0,
        "v3": 0,
        "v4": 0,
        "v5": 1,
        "v6": 0,
        "v7": 0,
        "v8": 1
    },
    "v8": {
        "cx": 149,
        "cy": 112,
        "v1": 0,
        "v2": 0,
        "v3": 0,
        "v4": 0,
        "v5": 0,
        "v6": 1,
        "v7": 1,
        "v8": 0
    }
}