{
    "v1": {
        "cx": 67,
        "cy": 108,
        "v1": 0,
        "v2": 1,
        "v3": 1,
        "v4": 0,
        "v5": 0,
        "v6": 0,
        "v7": 0,
        "v8": 0,
        "v9": 0,
        "v10": 0,
        "v11": 0
    },
    "v2": {
        "cx": 86,
        "cy": 62,
        "v1": 1,
        "v2": 0,
        "v3": 0,
        "v4": 1,
        "v5": 0,
        "v6": 0,
        "v7": 0,
        "v8": 0,
        "v9": 0,
        "v10": 0,
        "v11": 0
    },
    "v3": {
        "cx": 89,
        "cy": 159,
        "v1": 1,
        "v2": 0,
        "v3": 0,
        "v4": 0,
        "v5": 1,
        "v6": 0,
        "v7": 0,
        "v8": 0,
        "v9": 0,
        "v10": 0,
        "v11": 0
    },
    "v4": {
        "cx": 114,
        "cy": 58,
        "v1": 0,
        "v2": 1,
        "v3": 0,
        "v4": 0,
        "v5": 0,
        "v6": 0,
        "v7": 0,
        "v8": 0,
        "v9": 0,
        "v10": 0,
        "v11": 1
    },
    "v5": {
        "cx": 120,
        "cy": 166,
        "v1": 0,
        "v2": 0,
        "v3": 1,
        "v4": 0,
        "v5": 0,
        "v6": 0,
        "v7": 0,
        "v8": 1,
        "v9": 0,
        "v10": 0,
        "v11": 0
    },
    "v6": {
        "cx": 122,
        "cy": 120,
        "v1": 0,
        "v2": 0,
        "v3": 0,
        "v4": 0,
        "v5": 0,
        "v6": 0,
        "v7": 1,
        "v8": 0,
        "v9": 0,
        "v10": 0,
        "v11": 0
    },
    "v7": {
        "cx": 133,
        "cy": 120,
        "v1": 0,
        "v2": 0,
        "v3": 0,
        "v4": 0,
        "v5": 0,
        "v6": 1,
        "v7": 0,
        "v8": 0,
        "v9": 0,
        "v10": 1,
        "v11": 0
    },
    "v8": {
        "cx": 146,
        "cy": 163,
        "v1": 0,
        "v2": 0,
        "v3": 0,
        "v4": 0,
        "v5": 1,
        "v6": 0,
        "v7": 0,
        "v8": 0,
        "v9": 1,
        "v10": 0,
        "v11": 0
    },
    "v9": {
        "cx": 147,
        "cy": 143,
        "v1": 0,
        "v2": 0,
        "v3": 0,
        "v4": 0,
        "v5": 0,
        "v6": 0,
        "v7": 0,
        "v8": 1,
        "v9": 0,
        "v10": 1,
        "v11": 0
    },
    "v10": {
        "cx": 147,
        "cy": 121,
        "v1": 0,
        "v2": 0,
        "v3": 0,
        "v4": 0,
        "v5": 0,
        "v6": 0,
        "v7": 1,
        "v8": 0,
        "v9": 1,
        "v10": 0,
        "v11": 0
    },
    "v11": {
        "cx": 147,
        "cy": 60,
        "v1": 0,
        "v2": 0,
        "v3": 0,
        "v4": 1,
        "v5": 0,
        "v6": 0,
        "v7": 0,
        "v8": 0,
        "v9": 0,
        "v10": 0,
        "v11": 0
    }
}