{
    "v1": {
        "cx": 74,
        "cy": 165,
        "v1": 0,
        "v2": 1,
        "v3": 0,
        "v4": 0,
        "v5": 0,
        "v6": 0,
        "v7": 0,
        "v8": 0,
        "v9": 0
    },
    "v2": {
        "cx": 74,
        "cy": 140,
        "v1": 1,
        "v2": 0,
        "v3": 0,
        "v4": 0,
        "v5": 1,
        "v6": 0,
        "v7": 0,
        "v8": 0,
        "v9": 0
    },
    "v3": {
        "cx": 74,
        "cy": 81,
        "v1": 0,
        "v2": 0,
        "v3": 0,
        "v4": 1,
        "v5": 1,
        "v6": 0,
        "v7": 0,
        "v8": 0,
        "v9": 0
    },
    "v4": {
        "cx": 74,
        "cy": 60,
        "v1": 0,
        "v2": 0,
        "v3": 1,
        "v4": 0,
        "v5": 0,
        "v6": 0,
        "v7": 0,
        "v8": 0,
        "v9": 0
    },
    "v5": {
        "cx": 83,
        "cy": 108,
        "v1": 0,
        "v2": 1,
        "v3": 1,
        "v4": 0,
        "v5": 0,
        "v6": 1,
        "v7": 1,
        "v8": 0,
        "v9": 0
    },
    "v6": {
        "cx": 118,
        "cy": 80,
        "v1": 0,
        "v2": 0,
        "v3": 0,
        "v4": 0,
        "v5": 1,
        "v6": 0,
        "v7": 0,
        "v8": 1,
        "v9": 0
    },
    "v7": {
        "cx": 119,
        "cy": 140,
        "v1": 0,
        "v2": 0,
        "v3": 0,
        "v4": 0,
        "v5": 1,
        "v6": 0,
        "v7": 0,
        "v8": 0,
        "v9": 1
    },
    "v8": {
        "cx": 144,
        "cy": 60,
        "v1": 0,
        "v2": 0,
        "v3": 0,
        "v4": 0,
        "v5": 0,
        "v6": 1,
        "v7": 0,
        "v8": 0,
        "v9": 0
    },
    "v9": {
        "cx": 146,
        "cy": 165,
        "v1": 0,
        "v2": 0,
        "v3": 0,
        "v4": 0,
        "v5": 0,
        "v6": 0,
        "v7": 1,
        "v8": 0,
        "v9": 0
    }
}