{
    "v1": {
        "cx": 79,
        "cy": 164,
        "v1": 0,
        "v2": 1,
        "v3": 0,
        "v4": 1,
        "v5": 0
    },
    "v2": {
        "cx": 79,
        "cy": 109,
        "v1": 1,
        "v2": 0,
        "v3": 1,
        "v4": 0,
        "v5": 0
    },
    "v3": {
        "cx": 79,
        "cy": 57,
        "v1": 0,
        "v2": 1,
        "v3": 0,
        "v4": 0,
        "v5": 0
    },
    "v4": {
        "cx": 116,
        "cy": 165,
        "v1": 1,
        "v2": 0,
        "v3": 0,
        "v4": 0,
        "v5": 1
    },
    "v5": {
        "cx": 149,
        "cy": 165,
        "v1": 0,
        "v2": 0,
        "v3": 0,
        "v4": 1,
        "v5": 0
    }
}