{
    "v1": {
        "cx": 60,
        "cy": 165,
        "v1": 0,
        "v2": 1,
        "v3": 0,
        "v4": 0,
        "v5": 0,
        "v6": 0,
        "v7": 0,
        "v8": 0,
        "v9": 0
    },
    "v2": {
        "cx": 60,
        "cy": 119,
        "v1": 1,
        "v2": 0,
        "v3": 1,
        "v4": 0,
        "v5": 0,
        "v6": 0,
        "v7": 0,
        "v8": 0,
        "v9": 0
    },
    "v3": {
        "cx": 67,
        "cy": 65,
        "v1": 0,
        "v2": 1,
        "v3": 0,
        "v4": 1,
        "v5": 0,
        "v6": 0,
        "v7": 0,
        "v8": 0,
        "v9": 0
    },
    "v4": {
        "cx": 86,
        "cy": 99,
        "v1": 0,
        "v2": 0,
        "v3": 1,
        "v4": 0,
        "v5": 1,
        "v6": 0,
        "v7": 0,
        "v8": 0,
        "v9": 0
    },
    "v5": {
        "cx": 104,
        "cy": 132,
        "v1": 0,
        "v2": 0,
        "v3": 0,
        "v4": 1,
        "v5": 0,
        "v6": 1,
        "v7": 0,
        "v8": 0,
        "v9": 0
    },
    "v6": {
        "cx": 124,
        "cy": 98,
        "v1": 0,
        "v2": 0,
        "v3": 0,
        "v4": 0,
        "v5": 1,
        "v6": 0,
        "v7": 1,
        "v8": 0,
        "v9": 0
    },
    "v7": {
        "cx": 144,
        "cy": 64,
        "v1": 0,
        "v2": 0,
        "v3": 0,
        "v4": 0,
        "v5": 0,
        "v6": 1,
        "v7": 0,
        "v8": 0,
        "v9": 1
    },
    "v8": {
        "cx": 150,
        "cy": 165,
        "v1": 0,
        "v2": 0,
        "v3": 0,
        "v4": 0,
        "v5": 0,
        "v6": 0,
        "v7": 0,
        "v8": 0,
        "v9": 1
    },
    "v9": {
        "cx": 151,
        "cy": 118,
        "v1": 0,
        "v2": 0,
        "v3": 0,
        "v4": 0,
        "v5": 0,
        "v6": 0,
        "v7": 1,
        "v8": 1,
        "v9": 0
    }
}