{
    "v1": {
        "cx": 69,
        "cy": 167,
        "v1": 0,
        "v2": 1,
        "v3": 0,
        "v4": 0,
        "v5": 0,
        "v6": 0,
        "v7": 0
    },
    "v2": {
        "cx": 69,
        "cy": 127,
        "v1": 1,
        "v2": 0,
        "v3": 1,
        "v4": 0,
        "v5": 0,
        "v6": 0,
        "v7": 0
    },
    "v3": {
        "cx": 76,
        "cy": 76,
        "v1": 0,
        "v2": 1,
        "v3": 0,
        "v4": 1,
        "v5": 0,
        "v6": 0,
        "v7": 0
    },
    "v4": {
        "cx": 108,
        "cy": 113,
        "v1": 0,
        "v2": 0,
        "v3": 1,
        "v4": 0,
        "v5": 1,
        "v6": 0,
        "v7": 0
    },
    "v5": {
        "cx": 139,
        "cy": 151,
        "v1": 0,
        "v2": 0,
        "v3": 0,
        "v4": 1,
        "v5": 0,
        "v6": 1,
        "v7": 0
    },
    "v6": {
        "cx": 146,
        "cy": 101,
        "v1": 0,
        "v2": 0,
        "v3": 0,
        "v4": 0,
        "v5": 1,
        "v6": 0,
        "v7": 1
    },
    "v7": {
        "cx": 146,
        "cy": 61,
        "v1": 0,
        "v2": 0,
        "v3": 0,
        "v4": 0,
        "v5": 0,
        "v6": 1,
        "v7": 0
    }
}