{
    "v1": {
        "cx": 66,
        "cy": 113,
        "v1": 0,
        "v2": 1,
        "v3": 1,
        "v4": 0,
        "v5": 0,
        "v6": 0,
        "v7": 0,
        "v8": 0
    },
    "v2": {
        "cx": 81,
        "cy": 63,
        "v1": 1,
        "v2": 0,
        "v3": 0,
        "v4": 0,
        "v5": 1,
        "v6": 0,
        "v7": 0,
        "v8": 0
    },
    "v3": {
        "cx": 82,
        "cy": 162,
        "v1": 1,
        "v2": 0,
        "v3": 0,
        "v4": 1,
        "v5": 0,
        "v6": 0,
        "v7": 0,
        "v8": 0
    },
    "v4": {
        "cx": 106,
        "cy": 164,
        "v1": 0,
        "v2": 0,
        "v3": 1,
        "v4": 0,
        "v5": 0,
        "v6": 1,
        "v7": 0,
        "v8": 0
    },
    "v5": {
        "cx": 106,
        "cy": 60,
        "v1": 0,
        "v2": 1,
        "v3": 0,
        "v4": 0,
        "v5": 0,
        "v6": 0,
        "v7": 1,
        "v8": 0
    },
    "v6": {
        "cx": 132,
        "cy": 161,
        "v1": 0,
        "v2": 0,
        "v3": 0,
        "v4": 1,
        "v5": 0,
        "v6": 0,
        "v7": 0,
        "v8": 1
    },
    "v7": {
        "cx": 132,
        "cy": 63,
        "v1": 0,
        "v2": 0,
        "v3": 0,
        "v4": 0,
        "v5": 1,
        "v6": 0,
        "v7": 0,
        "v8": 1
    },
    "v8": {
        "cx": 147,
        "cy": 112,
        "v1": 0,
        "v2": 0,
        "v3": 0,
        "v4": 0,
        "v5": 0,
        "v6": 1,
        "v7": 1,
        "v8": 0
    }
}