{
    "v1": {
        "cx": 68,
        "cy": 111,
        "v1": 0,
        "v2": 1,
        "v3": 1,
        "v4": 0,
        "v5": 0,
        "v6": 0,
        "v7": 0,
        "v8": 0,
        "v9": 0,
        "v10": 0
    },
    "v2": {
        "cx": 82,
        "cy": 160,
        "v1": 1,
        "v2": 0,
        "v3": 0,
        "v4": 1,
        "v5": 0,
        "v6": 0,
        "v7": 0,
        "v8": 0,
        "v9": 0,
        "v10": 0
    },
    "v3": {
        "cx": 83,
        "cy": 63,
        "v1": 1,
        "v2": 0,
        "v3": 0,
        "v4": 0,
        "v5": 1,
        "v6": 0,
        "v7": 0,
        "v8": 0,
        "v9": 0,
        "v10": 0
    },
    "v4": {
        "cx": 100,
        "cy": 163,
        "v1": 0,
        "v2": 1,
        "v3": 0,
        "v4": 0,
        "v5": 0,
        "v6": 1,
        "v7": 0,
        "v8": 0,
        "v9": 0,
        "v10": 0
    },
    "v5": {
        "cx": 108,
        "cy": 61,
        "v1": 0,
        "v2": 0,
        "v3": 1,
        "v4": 0,
        "v5": 0,
        "v6": 0,
        "v7": 1,
        "v8": 0,
        "v9": 0,
        "v10": 0
    },
    "v6": {
        "cx": 125,
        "cy": 164,
        "v1": 0,
        "v2": 0,
        "v3": 0,
        "v4": 1,
        "v5": 0,
        "v6": 0,
        "v7": 0,
        "v8": 1,
        "v9": 1,
        "v10": 0
    },
    "v7": {
        "cx": 132,
        "cy": 63,
        "v1": 0,
        "v2": 0,
        "v3": 0,
        "v4": 0,
        "v5": 1,
        "v6": 0,
        "v7": 0,
        "v8": 0,
        "v9": 1,
        "v10": 0
    },
    "v8": {
        "cx": 139,
        "cy": 180,
        "v1": 0,
        "v2": 0,
        "v3": 0,
        "v4": 0,
        "v5": 0,
        "v6": 1,
        "v7": 0,
        "v8": 0,
        "v9": 0,
        "v10": 1
    },
    "v9": {
        "cx": 147,
        "cy": 111,
        "v1": 0,
        "v2": 0,
        "v3": 0,
        "v4": 0,
        "v5": 0,
        "v6": 1,
        "v7": 1,
        "v8": 0,
        "v9": 0,
        "v10": 0
    },
    "v10": {
        "cx": 156,
        "cy": 184,
        "v1": 0,
        "v2": 0,
        "v3": 0,
        "v4": 0,
        "v5": 0,
        "v6": 0,
        "v7": 0,
        "v8": 1,
        "v9": 0,
        "v10": 0
    }
}