{
    "v1": {
        "cx": 57,
        "cy": 60,
        "v1": 0,
        "v2": 1,
        "v3": 0,
        "v4": 0,
        "v5": 0,
        "v6": 0,
        "v7": 0
    },
    "v2": {
        "cx": 80,
        "cy": 60,
        "v1": 1,
        "v2": 0,
        "v3": 1,
        "v4": 0,
        "v5": 0,
        "v6": 0,
        "v7": 0
    },
    "v3": {
        "cx": 105,
        "cy": 61,
        "v1": 0,
        "v2": 1,
        "v3": 0,
        "v4": 0,
        "v5": 1,
        "v6": 1,
        "v7": 0
    },
    "v4": {
        "cx": 106,
        "cy": 164,
        "v1": 0,
        "v2": 0,
        "v3": 0,
        "v4": 0,
        "v5": 1,
        "v6": 0,
        "v7": 0
    },
    "v5": {
        "cx": 106,
        "cy": 115,
        "v1": 0,
        "v2": 0,
        "v3": 1,
        "v4": 1,
        "v5": 0,
        "v6": 0,
        "v7": 0
    },
    "v6": {
        "cx": 131,
        "cy": 60,
        "v1": 0,
        "v2": 0,
        "v3": 1,
        "v4": 0,
        "v5": 0,
        "v6": 0,
        "v7": 1
    },
    "v7": {
        "cx": 154,
        "cy": 60,
        "v1": 0,
        "v2": 0,
        "v3": 0,
        "v4": 0,
        "v5": 0,
        "v6": 1,
        "v7": 0
    }
}