{
    "v1": {
        "cx": 70,
        "cy": 56,
        "v1": 0,
        "v2": 1,
        "v3": 0,
        "v4": 0,
        "v5": 0,
        "v6": 0,
        "v7": 0
    },
    "v2": {
        "cx": 71,
        "cy": 108,
        "v1": 1,
        "v2": 0,
        "v3": 1,
        "v4": 0,
        "v5": 0,
        "v6": 0,
        "v7": 0
    },
    "v3": {
        "cx": 84,
        "cy": 161,
        "v1": 0,
        "v2": 1,
        "v3": 0,
        "v4": 1,
        "v5": 0,
        "v6": 0,
        "v7": 0
    },
    "v4": {
        "cx": 109,
        "cy": 165,
        "v1": 0,
        "v2": 0,
        "v3": 1,
        "v4": 0,
        "v5": 1,
        "v6": 0,
        "v7": 0
    },
    "v5": {
        "cx": 132,
        "cy": 162,
        "v1": 0,
        "v2": 0,
        "v3": 0,
        "v4": 1,
        "v5": 0,
        "v6": 1,
        "v7": 0
    },
    "v6": {
        "cx": 144,
        "cy": 109,
        "v1": 0,
        "v2": 0,
        "v3": 0,
        "v4": 0,
        "v5": 1,
        "v6": 0,
        "v7": 1
    },
    "v7": {
        "cx": 145,
        "cy": 56,
        "v1": 0,
        "v2": 0,
        "v3": 0,
        "v4": 0,
        "v5": 0,
        "v6": 1,
        "v7": 0
    }
}