{
    "v1": {
        "cx": 61,
        "cy": 59,
        "v1": 0,
        "v2": 1,
        "v3": 0,
        "v4": 0,
        "v5": 0
    },
    "v2": {
        "cx": 80,
        "cy": 102,
        "v1": 1,
        "v2": 0,
        "v3": 1,
        "v4": 0,
        "v5": 0
    },
    "v3": {
        "cx": 106,
        "cy": 153,
        "v1": 0,
        "v2": 1,
        "v3": 0,
        "v4": 1,
        "v5": 0
    },
    "v4": {
        "cx": 136,
        "cy": 103,
        "v1": 0,
        "v2": 0,
        "v3": 1,
        "v4": 0,
        "v5": 1
    },
    "v5": {
        "cx": 155,
        "cy": 59,
        "v1": 0,
        "v2": 0,
        "v3": 0,
        "v4": 1,
        "v5": 0
    }
}