{
    "v1": {
        "cx": 59,
        "cy": 166,
        "v1": 0,
        "v2": 0,
        "v3": 1,
        "v4": 0,
        "v5": 0,
        "v6": 0,
        "v7": 0,
        "v8": 0,
        "v9": 0
    },
    "v2": {
        "cx": 62,
        "cy": 59,
        "v1": 0,
        "v2": 0,
        "v3": 0,
        "v4": 1,
        "v5": 0,
        "v6": 0,
        "v7": 0,
        "v8": 0,
        "v9": 0
    },
    "v3": {
        "cx": 78,
        "cy": 144,
        "v1": 1,
        "v2": 0,
        "v3": 0,
        "v4": 0,
        "v5": 1,
        "v6": 0,
        "v7": 0,
        "v8": 0,
        "v9": 0
    },
    "v4": {
        "cx": 81,
        "cy": 78,
        "v1": 0,
        "v2": 1,
        "v3": 0,
        "v4": 0,
        "v5": 1,
        "v6": 0,
        "v7": 0,
        "v8": 0,
        "v9": 0
    },
    "v5": {
        "cx": 107,
        "cy": 111,
        "v1": 0,
        "v2": 0,
        "v3": 1,
        "v4": 1,
        "v5": 0,
        "v6": 1,
        "v7": 1,
        "v8": 0,
        "v9": 0
    },
    "v6": {
        "cx": 134,
        "cy": 146,
        "v1": 0,
        "v2": 0,
        "v3": 0,
        "v4": 0,
        "v5": 1,
        "v6": 0,
        "v7": 0,
        "v8": 0,
        "v9": 1
    },
    "v7": {
        "cx": 134,
        "cy": 79,
        "v1": 0,
        "v2": 0,
        "v3": 0,
        "v4": 0,
        "v5": 1,
        "v6": 0,
        "v7": 0,
        "v8": 1,
        "v9": 0
    },
    "v8": {
        "cx": 152,
        "cy": 59,
        "v1": 0,
        "v2": 0,
        "v3": 0,
        "v4": 0,
        "v5": 0,
        "v6": 0,
        "v7": 1,
        "v8": 0,
        "v9": 0
    },
    "v9": {
        "cx": 154,
        "cy": 166,
        "v1": 0,
        "v2": 0,
        "v3": 0,
        "v4": 0,
        "v5": 0,
        "v6": 1,
        "v7": 0,
        "v8": 0,
        "v9": 0
    }
}