{
    "v1": {
        "cx": 61,
        "cy": 57,
        "v1": 0,
        "v2": 1,
        "v3": 0,
        "v4": 0,
        "v5": 0,
        "v6": 0,
        "v7": 0
    },
    "v2": {
        "cx": 80,
        "cy": 82,
        "v1": 1,
        "v2": 0,
        "v3": 1,
        "v4": 0,
        "v5": 0,
        "v6": 0,
        "v7": 0
    },
    "v3": {
        "cx": 106,
        "cy": 112,
        "v1": 0,
        "v2": 1,
        "v3": 0,
        "v4": 0,
        "v5": 1,
        "v6": 1,
        "v7": 0
    },
    "v4": {
        "cx": 107,
        "cy": 166,
        "v1": 0,
        "v2": 0,
        "v3": 0,
        "v4": 0,
        "v5": 1,
        "v6": 0,
        "v7": 0
    },
    "v5": {
        "cx": 107,
        "cy": 142,
        "v1": 0,
        "v2": 0,
        "v3": 1,
        "v4": 1,
        "v5": 0,
        "v6": 0,
        "v7": 0
    },
    "v6": {
        "cx": 135,
        "cy": 83,
        "v1": 0,
        "v2": 0,
        "v3": 1,
        "v4": 0,
        "v5": 0,
        "v6": 0,
        "v7": 1
    },
    "v7": {
        "cx": 155,
        "cy": 57,
        "v1": 0,
        "v2": 0,
        "v3": 0,
        "v4": 0,
        "v5": 0,
        "v6": 1,
        "v7": 0
    }
}