{
    "v1": {
        "cx": 67,
        "cy": 162,
        "v1": 0,
        "v2": 0,
        "v3": 0,
        "v4": 1,
        "v5": 1,
        "v6": 0,
        "v7": 0
    },
    "v2": {
        "cx": 68,
        "cy": 57,
        "v1": 0,
        "v2": 0,
        "v3": 1,
        "v4": 0,
        "v5": 0,
        "v6": 0,
        "v7": 0
    },
    "v3": {
        "cx": 104,
        "cy": 57,
        "v1": 0,
        "v2": 1,
        "v3": 0,
        "v4": 0,
        "v5": 0,
        "v6": 1,
        "v7": 0
    },
    "v4": {
        "cx": 106,
        "cy": 110,
        "v1": 1,
        "v2": 0,
        "v3": 0,
        "v4": 0,
        "v5": 0,
        "v6": 1,
        "v7": 0
    },
    "v5": {
        "cx": 110,
        "cy": 164,
        "v1": 1,
        "v2": 0,
        "v3": 0,
        "v4": 0,
        "v5": 0,
        "v6": 0,
        "v7": 1
    },
    "v6": {
        "cx": 144,
        "cy": 58,
        "v1": 0,
        "v2": 0,
        "v3": 1,
        "v4": 1,
        "v5": 0,
        "v6": 0,
        "v7": 0
    },
    "v7": {
        "cx": 149,
        "cy": 164,
        "v1": 0,
        "v2": 0,
        "v3": 0,
        "v4": 0,
        "v5": 1,
        "v6": 0,
        "v7": 0
    }
}